{
    "systemname": "Bank System: ",
    "lowriskcustomers": [{
        "clientID": 27718212,
        "clientName": "c",
        "loanRequest": 400,
        "creditRiskScore": 600,
        "performanceIndicator": 1
    }],
    "customers": [
        {
            "clientID": 12123333,
            "clientName": "a",
            "loanRequest": 100,
            "creditRiskScore": 100,
            "performanceIndicator": 1
        },
        {
            "clientID": 12123330,
            "clientName": "b",
            "loanRequest": 100,
            "creditRiskScore": 100,
            "performanceIndicator": 0
        },
        {
            "clientID": 27718212,
            "clientName": "c",
            "loanRequest": 400,
            "creditRiskScore": 600,
            "performanceIndicator": 1
        }
    ]
}