{
    "systemname": "Bank System: ",
    "lowriskcustomers": [
        {
            "clientID": 10101010,
            "clientName": "a",
            "loanRequest": 100,
            "creditRiskScore": 800,
            "performanceIndicator": 1
        },
        {
            "clientID": 11111111,
            "clientName": "b",
            "loanRequest": 100,
            "creditRiskScore": 500,
            "performanceIndicator": 1
        }
    ],
    "customers": [
        {
            "clientID": 10101010,
            "clientName": "a",
            "loanRequest": 100,
            "creditRiskScore": 800,
            "performanceIndicator": 1
        },
        {
            "clientID": 11111111,
            "clientName": "b",
            "loanRequest": 100,
            "creditRiskScore": 500,
            "performanceIndicator": 1
        }
    ]
}